Segment,Total Revenue,Avg Basket,Unique Orders,Num Customers
0,11680.220000000001,333.60155156995785,13.583333333333334,12
1,4544.115454545455,252.28822222222223,6.636363636363637,11
2,7427.355,371.9535330988456,7.916666666666667,12
3,7545.168000000001,271.10102978502977,11.266666666666667,15
